{
  "Scotland": 1755.1550580420485,
  "England": 1951.969522875673,
  "Wales": 1699.0905002185914,
  "Northern Ireland": 1580.8371049779373,
  "United States": 1754.3379312234192,
  "Canada": 1821.4915445962952,
  "Uruguay": 1887.188611112245,
  "Argentina": 2072.127602867781,
  "Austria": 1803.0003257249514,
  "Hungary": 1723.278061789369,
  "Czechoslovakia": 1725.7584967714165,
  "Belgium": 1850.6996367277845,
  "France": 2025.0585842600783,
  "Switzerland": 1854.3520784638504,
  "Guernsey": 1687.395475866942,
  "Alderney": 1148.4649678647165,
  "Jersey": 1757.6719858997594,
  "Netherlands": 1902.8763645388583,
  "Guyana": 1494.8435890252063,
  "Trinidad and Tobago": 1530.5667592206996,
  "South Africa": 1614.8088696827303,
  "Germany": 1906.2444079119773,
  "Sweden": 1719.6583475107986,
  "Norway": 1842.384675219869,
  "Denmark": 1829.077517673407,
  "Italy": 1865.5526612306724,
  "Chile": 1726.6873661905113,
  "Russia": 1766.4049910368988,
  "Finland": 1559.5061467139901,
  "Luxembourg": 1412.2357651703367,
  "Catalonia": 1599.2944805988845,
  "Philippines": 1348.6224016609435,
  "China PR": 1529.8491529498435,
  "Brazil": 1951.049956948795,
  "Basque Country": 1713.7494704612798,
  "Japan": 1894.7111909657322,
  "Paraguay": 1841.3010211701753,
  "Romania": 1642.9070539592492,
  "Greece": 1742.5892959628907,
  "Yugoslavia": 1797.864562656855,
  "Spain": 2094.032015157121,
  "Egypt": 1768.2475657417128,
  "Estonia": 1399.0473241806978,
  "Suriname": 1560.9257227640962,
  "Provence": 1441.0623325624495,
  "Costa Rica": 1700.364417493936,
  "El Salvador": 1491.4022208107597,
  "Guatemala": 1619.911191908724,
  "Poland": 1717.1376067799877,
  "Portugal": 1947.9160189526115,
  "Brittany": 1510.2341271379662,
  "New Zealand": 1663.402942473785,
  "Australia": 1821.4026140480325,
  "Latvia": 1337.2443690728671,
  "Galicia": 1525.7599930048425,
  "Central Spain": 1500.3669376095977,
  "Mexico": 1877.7892110155212,
  "Andalusia": 1565.0674732202774,
  "Asturias": 1513.3178709372953,
  "Lithuania": 1325.009534679693,
  "Turkey": 1881.8189295210539,
  "Aruba": 1258.9685806325633,
  "Cura\u00e7ao": 1558.747570277048,
  "Bulgaria": 1520.1608159173659,
  "Republic of Ireland": 1694.135370770421,
  "Haiti": 1677.631204854644,
  "Jamaica": 1643.3921139346796,
  "Kenya": 1477.4181700018376,
  "Uganda": 1511.2559243993928,
  "Bolivia": 1675.101685078825,
  "Peru": 1702.8619243344592,
  "Honduras": 1658.5432576551864,
  "Belarus": 1550.3121218295764,
  "Ukraine": 1800.9752883152212,
  "Barbados": 1212.7883165642972,
  "Nicaragua": 1500.027587885237,
  "Cuba": 1444.5757441589465,
  "Martinique": 1484.8178634004016,
  "Dominica": 1238.451062496388,
  "Silesia": 1490.2901595355327,
  "Guadeloupe": 1508.912692146508,
  "Israel": 1654.2360828316716,
  "Indonesia": 1458.3057676834655,
  "French Guiana": 1411.0299810490862,
  "Saint Lucia": 1309.0283866699074,
  "Colombia": 1939.911769308377,
  "Panama": 1789.0423280526807,
  "Venezuela": 1764.6632737898137,
  "Ecuador": 1930.111452190794,
  "Saint Kitts and Nevis": 1324.0843208355393,
  "Grenada": 1328.9857321831216,
  "India": 1256.334298277992,
  "Slovakia": 1670.6664824405743,
  "Manchukuo": 1464.7601712322344,
  "Croatia": 1884.1969132925417,
  "Lebanon": 1451.0099680148992,
  "Puerto Rico": 1395.2883139578664,
  "Afghanistan": 1288.5020758419935,
  "Iran": 1821.2928021297237,
  "Mongolia": 1095.0088169344265,
  "Tanzania": 1414.1293141024034,
  "Zimbabwe": 1459.1728461728246,
  "Zambia": 1531.0072979412896,
  "Iceland": 1584.8327760896252,
  "Albania": 1626.5708626893552,
  "Montenegro": 1502.1549144633611,
  "Madagascar": 1487.79681376329,
  "Mauritius": 1241.966300810428,
  "R\u00e9union": 1556.0933065397312,
  "Zanzibar": 1517.3284143524024,
  "Djibouti": 1143.1813910226786,
  "Ethiopia": 1408.0581665082693,
  "DR Congo": 1717.9800689678482,
  "South Korea": 1812.8273038168657,
  "Vietnam": 1478.7934200433665,
  "Macau": 974.9240014573745,
  "Dominican Republic": 1461.3886224387172,
  "Cyprus": 1370.4022407567263,
  "Sierra Leone": 1480.2283113374608,
  "Nigeria": 1810.286176781601,
  "Syria": 1585.2578900081533,
  "Serbia": 1744.5466976354987,
  "Taiwan": 1128.0499279345706,
  "Ghana": 1581.8375507046671,
  "Myanmar": 1200.9930134449369,
  "New Caledonia": 1557.5040136345654,
  "Vanuatu": 1451.4461962747355,
  "Fiji": 1474.1660999183373,
  "Pakistan": 1102.097889199216,
  "Sri Lanka": 1095.563977634073,
  "German DR": 1690.9785978083012,
  "Tahiti": 1508.3766821707154,
  "Gambia": 1517.03273705181,
  "Hong Kong": 1326.7587127367863,
  "Singapore": 1340.6381542188649,
  "Malaysia": 1479.6209991941566,
  "Guinea-Bissau": 1373.299486751672,
  "Saarland": 1455.037953502817,
  "Burundi": 1399.4346400427955,
  "Cameroon": 1688.5151106887438,
  "Kernow": 1557.0843275235827,
  "Cambodia": 1111.5397715223357,
  "Thailand": 1515.5772601851431,
  "Vietnam Republic": 1375.4105734372192,
  "Kyrgyzstan": 1440.047904677311,
  "Moldova": 1332.5831680818242,
  "North Vietnam": 1474.961788699031,
  "Togo": 1466.1233968730157,
  "North Korea": 1495.81370568115,
  "Sudan": 1484.192036797498,
  "Malta": 1332.0703954201379,
  "Tunisia": 1684.907030649988,
  "Libya": 1517.2490176239828,
  "Malawi": 1424.1543949065735,
  "Morocco": 1896.6182861814953,
  "Benin": 1555.0749289088415,
  "Cape Verde": 1648.7131480892022,
  "Ivory Coast": 1738.2640538311362,
  "Burkina Faso": 1644.4313434956287,
  "Gabon": 1514.0029788348947,
  "Congo": 1353.799310479632,
  "Mali": 1663.8573067834168,
  "Central African Republic": 1394.0106180782204,
  "Iraq": 1714.0560676428731,
  "Saint Vincent and the Grenadines": 1386.1223402639905,
  "Senegal": 1859.8751064790106,
  "Laos": 1044.6349385104297,
  "Mauritania": 1437.7571104607869,
  "Chad": 1283.5024007214704,
  "Niger": 1491.5225970209913,
  "Liberia": 1418.9418072600452,
  "Guinea": 1556.5040900551965,
  "Algeria": 1812.5607748368843,
  "Kuwait": 1462.9459398177034,
  "Jordan": 1717.959490949847,
  "Papua New Guinea": 1470.604488458025,
  "Solomon Islands": 1412.5372605869536,
  "Somalia": 1146.5878949190549,
  "Saudi Arabia": 1654.0555871160502,
  "Bermuda": 1360.6639388508243,
  "Palestine": 1568.3402187618758,
  "Yemen": 1341.4085290103758,
  "Bahrain": 1537.130324554755,
  "Oman": 1585.5809987881726,
  "Wallis Islands and Futuna": 1361.9568136590042,
  "Corsica": 1537.1321142339507,
  "Western Australia": 1411.6285069363855,
  "Eswatini": 1339.6702149095934,
  "Botswana": 1402.9818298223577,
  "Qatar": 1566.8991544393982,
  "Lesotho": 1423.9814147994532,
  "Bahamas": 1110.7563642418625,
  "Brunei": 1029.5264416503524,
  "Cook Islands": 1261.256528075731,
  "Yemen DPR": 1404.7958841915377,
  "United Arab Emirates": 1615.1703348912538,
  "Faroe Islands": 1418.5349899282796,
  "Nepal": 1169.6198512101003,
  "Antigua and Barbuda": 1191.6999392169591,
  "Bangladesh": 1183.5849076140444,
  "Seychelles": 1084.0346654002876,
  "Equatorial Guinea": 1458.7721395148565,
  "Mozambique": 1501.5965631864403,
  "Guam": 1092.5525234759357,
  "Angola": 1552.3732561684337,
  "S\u00e3o Tom\u00e9 and Pr\u00edncipe": 1237.4667506999149,
  "Rwanda": 1440.3761386063347,
  "Northern Cyprus": 1619.459113880584,
  "Armenia": 1432.0302390992886,
  "Georgia": 1627.6734362491006,
  "Azerbaijan": 1400.147487380273,
  "Kazakhstan": 1485.0701170671791,
  "Comoros": 1475.3000127758967,
  "Maldives": 1102.676132158431,
  "Tonga": 1194.939777827811,
  "Kiribati": 1374.0913828000191,
  "Tuvalu": 1322.0046204518042,
  "Samoa": 1315.9244096489026,
  "Greenland": 1470.0287921546878,
  "Liechtenstein": 1059.573312974251,
  "Bhutan": 990.1934484018784,
  "South Yemen": 1476.1656914001442,
  "American Samoa": 1141.7328985052736,
  "Niue": 1477.0810295320953,
  "Belize": 1324.2652248804975,
  "Cayman Islands": 1170.1081361986162,
  "Anguilla": 1052.3069802870098,
  "British Virgin Islands": 1123.4599659113276,
  "Palau": 1470.3697270104,
  "Sint Maarten": 1378.083872944973,
  "Namibia": 1442.298638240379,