{
  "n_rows": 1921,
  "mean_delta": 4.853850987955674,
  "median_delta": 4.974935801458969,
  "std_delta": 124.07844968796977,
  "max_abs_delta": 386.0400338708182,
  "pct_sign_flip": 0.2431025507548152
}